,Clone Group ID,Source Folder,Package,Class,Method,Method Signature,Start Line,End Line,Start Offset,End Offset,#PDG Nodes,#Statements,Line Coverage (%),Clone Group Size,Clone Group Info,Connected,Clone Pair Location,#Refactorable Pairs,Details
65,145,tests,org.jfree.data.xy.junit,DefaultXYZDatasetTests,testEquals,()V,87,94,2644,2938,,,,2.0,,,Clones are in different files,,
66,145,tests,org.jfree.data.xy.junit,DefaultXYDatasetTests,testEquals,()V,87,94,2653,2943,,,,,,,,,
69,155,tests,org.jfree.chart.title.junit,DateTitleTests,testEquals,()V,85,105,2514,3121,,,,2.0,,,Clones are in different files,,
70,155,tests,org.jfree.chart.title.junit,TextTitleTests,testEquals,()V,90,111,2723,3351,,,,,,,,,
73,164,tests,org.jfree.chart.renderer.category.junit,ScatterRendererTests,testEquals,()V,87,94,2669,2951,,,,2.0,,,Clones are in different files,,
74,164,tests,org.jfree.chart.renderer.junit,DefaultPolarItemRendererTests,testEquals,()V,84,91,2661,2975,,,,,,,,,
89,175,tests,org.jfree.chart.entity.junit,ContourEntityTests,testEquals,()V,84,105,2553,3349,,,,2.0,,,Clones are in different files,,
90,175,tests,org.jfree.chart.entity.junit,TickLabelEntityTests,testEquals,()V,84,105,2569,3374,,,,,,,,,
135,975,tests,org.jfree.data.time.junit,YearTests,testGetLastMillisecond,()V,334,344,9613,10056,,,,2.0,Subclone,1239.0,Clones are within the same file,,
136,975,tests,org.jfree.data.time.junit,YearTests,testGetFirstMillisecond,()V,280,290,7861,8303,,,,,,,,,
143,978,tests,org.jfree.data.time.junit,HourTests,testGetFirstMillisecond,()V,262,271,7583,8002,,,,2.0,Subclone,1244.0,Clones are within the same file,,
144,978,tests,org.jfree.data.time.junit,HourTests,testGetLastMillisecond,()V,315,324,9332,9742,,,,,,,,,
145,979,tests,org.jfree.data.time.junit,MinuteTests,testGetLastMillisecond,()V,265,274,8069,8485,,,,2.0,Subclone,1245.0,Clones are within the same file,,
146,979,tests,org.jfree.data.time.junit,MinuteTests,testGetFirstMillisecond,()V,212,221,6288,6715,,,,,,,,,
147,980,tests,org.jfree.data.time.junit,SecondTests,testGetLastMillisecond,()V,265,274,8131,8549,,,,2.0,Subclone,1246.0,Clones are within the same file,,
148,980,tests,org.jfree.data.time.junit,SecondTests,testGetFirstMillisecond,()V,212,221,6346,6777,,,,,,,,,
149,981,tests,org.jfree.data.time.junit,MillisecondTests,testGetFirstMillisecond,()V,231,240,7417,7863,,,,2.0,Subclone,1247.0,Clones are within the same file,,
150,981,tests,org.jfree.data.time.junit,MillisecondTests,testGetLastMillisecond,()V,284,293,9247,9680,,,,,,,,,
159,996,tests,org.jfree.chart.plot.junit,CombinedDomainCategoryPlotTests,createPlot,()QCombinedDomainCategoryPlot;,291,317,9430,10608,,,,,,,,,
160,1001,tests,org.jfree.chart.plot.dial.junit,DialPlotTests,testCapListener,()V,238,254,7205,7718,,,,2.0,,,Clones are within the same file,,
161,1001,tests,org.jfree.chart.plot.dial.junit,DialPlotTests,testFrameListener,()V,259,275,7814,8380,,,,,,,,,
236,1238,tests,org.jfree.data.time.junit,MinuteTests,testGetStart,()V,343,355,10630,11198,,,,2.0,,,Clones are within the same file,,
237,1238,tests,org.jfree.data.time.junit,MinuteTests,testGetEnd,()V,360,372,11276,11836,,,,,,,,,
266,1266,tests,org.jfree.chart.plot.junit,XYPlotTests,testSetRenderer,()V,880,890,32302,32777,,,,2.0,,,Clones are in different files,,
267,1266,tests,org.jfree.chart.plot.junit,CategoryPlotTests,testSetRenderer,()V,748,758,27760,28251,,,,,,,,,
272,1293,tests,org.jfree.chart.plot.junit,CombinedRangeXYPlotTests,testRemoveSubplot,()V,124,134,3877,4260,,,,2.0,,,Clones are in different files,,
273,1293,tests,org.jfree.chart.plot.junit,CombinedDomainXYPlotTests,testRemoveSubplot,()V,122,132,3858,4243,,,,,,,,,
688,1625,tests,org.jfree.chart.plot.junit,CategoryPlotTests,testEquals,()V,276,314,10419,11899,,,,2.0,,,Clones are in different files,,
689,1625,tests,org.jfree.chart.plot.junit,XYPlotTests,testEquals,()V,235,273,8640,10178,,,,,,,,,
690,1674,tests,org.jfree.chart.junit,PieChartTests,testReplaceDatasetOnPieChart,()V,96,103,2770,3067,,,,2.0,,,Clones are in different files,,
691,1674,tests,org.jfree.chart.junit,PieChart3DTests,testReplaceDatasetOnPieChart,()V,102,109,3143,3440,,,,,,,,,
694,1687,tests,org.jfree.data.general.junit,DatasetUtilitiesTests,testFindMaximumRangeValue,()V,403,411,14857,15235,,,,2.0,,,Clones are within the same file,,
695,1687,tests,org.jfree.data.general.junit,DatasetUtilitiesTests,testFindMinimumRangeValue,()V,390,398,14387,14765,,,,,,,,,
705,1726,tests,org.jfree.data.time.ohlc.junit,OHLCSeriesCollectionTests,testSerialization,()V,134,140,4233,4474,,,,2.0,,,Clones are within the same file,,
706,1726,tests,org.jfree.data.time.ohlc.junit,OHLCSeriesCollectionTests,testCloning,()V,110,115,3484,3716,,,,,,,,,
707,1776,tests,org.jfree.chart.axis.junit,SegmentedTimelineTests2,test5,()V,196,223,7244,8508,,,,2.0,,,Clones are within the same file,,
708,1776,tests,org.jfree.chart.axis.junit,SegmentedTimelineTests2,test6,()V,237,265,9030,10299,,,,,,,,,
713,1780,tests,org.jfree.chart.plot.junit,PlotTests,testEquals,()V,99,125,3008,4117,,,,2.0,,,Clones are in different files,,
714,1780,tests,org.jfree.chart.axis.junit,AxisTests,testEquals,()V,114,140,3371,4341,,,,,,,,,
870,2010,tests,org.jfree.data.time.junit,TimeSeriesTests,testRemoveAgedItems,()V,713,720,23648,23998,,,,2.0,,,Clones are within the same file,,
871,2010,tests,org.jfree.data.time.junit,TimeSeriesTests,testRemoveAgedItems2,()V,751,758,25160,25510,,,,,,,,,
872,2027,tests,org.jfree.chart.plot.junit,CombinedRangeCategoryPlotTests,createPlot,()QCombinedRangeCategoryPlot;,300,307,9815,10225,,,,2.0,,,Clones are within the same method,,
873,2027,tests,org.jfree.chart.plot.junit,CombinedRangeCategoryPlotTests,createPlot,()QCombinedRangeCategoryPlot;,291,298,9368,9796,,,,,,,,,
1119,2305,tests,org.jfree.chart.plot.junit,SpiderWebPlotTests,testSerialization,()V,323,340,10925,11505,,,,2.0,,,Clones are in different files,,
1120,2305,tests,org.jfree.chart.renderer.xy.junit,XYBarRendererTests,testSerialization2,()V,238,255,7670,8245,,,,,,,,,
1121,2306,tests,org.jfree.chart.plot.junit,CategoryPlotTests,testSerialization2,()V,565,585,21207,22058,,,,2.0,,,Clones are within the same file,,
1122,2306,tests,org.jfree.chart.plot.junit,CategoryPlotTests,testSerialization,()V,535,554,20130,20988,,,,,,,,,
1141,2356,tests,org.jfree.chart.plot.junit,PiePlotTests,testEquals,()V,238,267,8719,9774,,,,2.0,,,Clones are in different files,,
1142,2356,tests,org.jfree.chart.plot.dial.junit,StandardDialScaleTests,testEquals,()V,152,180,5020,6029,,,,,,,,,
1800,2507,tests,org.jfree.chart.axis.junit,PeriodAxisLabelInfoTests,testEquals,()V,94,100,2899,3172,,,,2.0,,,Clones are within the same file,,
1801,2507,tests,org.jfree.chart.axis.junit,PeriodAxisLabelInfoTests,testHashCode,()V,167,173,6062,6335,,,,,,,,,
1931,2659,tests,org.jfree.data.category.junit,CategoryToPieDatasetTests,testSerialization,()V,227,248,7505,8238,,,,2.0,,,Clones are in different files,,
1932,2659,tests,org.jfree.chart.junit,ChartRenderingInfoTests,testSerialization2,()V,176,192,5809,6379,,,,,,,,,
1958,2666,tests,org.jfree.chart.junit,JFreeChartTests,testSerialization1,()V,299,316,10020,10580,,,,2.0,,,Clones are in different files,,
1959,2666,tests,org.jfree.chart.plot.dial.junit,AbstractDialLayerTests,testSerialization,()V,125,144,3768,4393,,,,,,,,,
2020,2839,tests,org.jfree.chart.plot.junit,MeterPlotTests,testSerialization2,()V,289,305,10215,10788,,,,2.0,,,Clones are in different files,,
2021,2839,tests,org.jfree.chart.renderer.xy.junit,StackedXYAreaRendererTests,testSerialization,()V,165,181,5413,6002,,,,,,,,,
2042,2880,tests,org.jfree.chart.renderer.category.junit,GroupedStackedBarRendererTests,testDrawWithNullInfo,()V,169,177,5544,5980,,,,2.0,,,Clones are in different files,,
2043,2880,tests,org.jfree.chart.renderer.category.junit,IntervalBarRendererTests,testDrawWithNullInfo,()V,171,178,5468,5872,,,,,,,,,
2044,2889,tests,org.jfree.chart.plot.junit,ValueMarkerTests,testEquals,()V,139,163,4480,5376,,,,2.0,,,Clones are in different files,,
2045,2889,tests,org.jfree.chart.annotations.junit,TextAnnotationTests,testEquals,()V,86,115,2724,3649,,,,,,,,,
2048,2970,tests,org.jfree.chart.plot.junit,CombinedRangeCategoryPlotTests,createPlot,()QCombinedRangeCategoryPlot;,291,300,9384,9840,,,,2.0,,,Clones are within the same method,,
2049,2970,tests,org.jfree.chart.plot.junit,CombinedRangeCategoryPlotTests,createPlot,()QCombinedRangeCategoryPlot;,300,309,9831,10257,,,,,,,,,
2059,3093,tests,org.jfree.chart.renderer.junit,AbstractRendererTests,testOutlinePaintLookup,()V,899,915,31783,32571,,,,2.0,Subclone,3094.0,Clones are within the same file,,
2060,3093,tests,org.jfree.chart.renderer.junit,AbstractRendererTests,testPaintLookup,()V,857,873,30121,30845,,,,,,,,,
2284,3317,tests,org.jfree.chart.axis.junit,AxisLocationTests,testSerialization,()V,107,123,3360,3972,,,,2.0,,,Clones are in different files,,
2285,3317,tests,org.jfree.chart.labels.junit,ItemLabelAnchorTests,testSerialization,()V,92,109,2776,3363,,,,,,,,,
2286,3344,tests,org.jfree.data.xy.junit,IntervalXYDelegateTests,testCloning,()V,121,128,3761,4026,,,,2.0,,,Clones are within the same file,,
2287,3344,tests,org.jfree.data.xy.junit,IntervalXYDelegateTests,testSerialization,()V,143,149,4451,4707,,,,,,,,,
2293,3424,tests,org.jfree.data.statistics.junit,DefaultBoxAndWhiskerCategoryDatasetTests,testSerialization,()V,112,120,3994,4430,,,,2.0,,,Clones are within the same file,,
2294,3424,tests,org.jfree.data.statistics.junit,DefaultBoxAndWhiskerCategoryDatasetTests,testCloning,()V,142,149,5057,5484,,,,,,,,,
2307,3492,tests,org.jfree.data.junit,DefaultKeyedValuesTests,testInsertAndRetrieve,()V,325,341,9925,10609,,,,2.0,,,Clones are in different files,,
2308,3492,tests,org.jfree.data.junit,KeyedObjectsTests,testInsertAndRetrieve,()V,157,173,4725,5405,,,,,,,,,
2309,3498,tests,org.jfree.chart.axis.junit,NumberAxisTests,testAutoRange2,()V,253,263,8737,9371,,,,2.0,,,Clones are within the same file,,
2310,3498,tests,org.jfree.chart.axis.junit,NumberAxisTests,testAutoRange3,()V,273,283,9708,10342,,,,,,,,,
2403,3709,tests,org.jfree.chart.junit,StrokeMapTests,testSerialization2,()V,202,218,5829,6399,,,,2.0,,,Clones are in different files,,
2404,3709,tests,org.jfree.data.junit,DefaultKeyedValueTests,testSerialization,()V,148,165,4572,5156,,,,,,,,,
2405,3715,tests,org.jfree.chart.axis.junit,LogAxisTests,testSetLowerBound,()V,308,316,10435,10784,,,,2.0,,,Clones are in different files,,
2406,3715,tests,org.jfree.chart.axis.junit,NumberAxisTests,testSetLowerBound,()V,445,457,16485,16994,,,,,,,,,
2411,3717,tests,org.jfree.chart.axis.junit,LogAxisTests,testXYAutoRange1,()V,253,275,8663,9445,,,,2.0,,,Clones are within the same file,,
2412,3717,tests,org.jfree.chart.axis.junit,LogAxisTests,testXYAutoRange2,()V,281,303,9572,10354,,,,,,,,,
2415,3722,tests,org.jfree.chart.axis.junit,NumberTickUnitTests,testEquals,()V,94,97,3012,3207,,,,2.0,,,Clones are within the same method,,
2416,3722,tests,org.jfree.chart.axis.junit,NumberTickUnitTests,testEquals,()V,89,92,2800,2993,,,,,,,,,
2417,3740,tests,org.jfree.chart.plot.junit,CombinedRangeXYPlotTests,createPlot,()QCombinedRangeXYPlot;,300,311,9765,10155,,,,2.0,,,Clones are in different files,,
2418,3740,tests,org.jfree.chart.plot.junit,CombinedDomainXYPlotTests,createPlot,()QCombinedDomainXYPlot;,308,319,10056,10444,,,,,,,,,
2419,3745,tests,org.jfree.data.xy.junit,XYSeriesCollectionTests,testGetSeries,()V,189,212,5797,6372,,,,2.0,,,Clones are in different files,,
2420,3745,tests,org.jfree.data.time.junit,TimePeriodValuesCollectionTests,testGetSeries,()V,171,194,5573,6213,,,,,,,,,
2421,3759,tests,org.jfree.chart.plot.junit,ValueMarkerTests,testGetSetValue,()V,235,243,7513,7834,,,,2.0,,,Clones are in different files,,
2422,3759,tests,org.jfree.chart.plot.junit,MarkerTests,testGetSetAlpha,()V,181,191,5851,6269,,,,,,,,,
2434,3764,tests,org.jfree.data.junit,DefaultKeyedValuesTests,testSortByValueDescending,()V,476,504,14981,16025,,,,2.0,,,Clones are within the same file,,
2435,3764,tests,org.jfree.data.junit,DefaultKeyedValuesTests,testSortByValueAscending,()V,443,471,13859,14901,,,,,,,,,
2436,3778,tests,org.jfree.chart.plot.junit,IntervalMarkerTests,testSerialization,()V,144,159,4483,5016,,,,2.0,,,Clones are in different files,,
2437,3778,tests,org.jfree.data.xy.junit,XYSeriesTests,testSerialization,()V,205,221,5743,6263,,,,,,,,,
2443,3826,tests,org.jfree.chart.annotations.junit,CategoryTextAnnotationTests,testEquals,()V,91,103,2904,3241,,,,2.0,,,Clones are in different files,,
2444,3826,tests,org.jfree.chart.annotations.junit,TextAnnotationTests,testEquals,()V,85,95,2658,2939,,,,,,,,,
2462,3860,tests,org.jfree.data.category.junit,SlidingCategoryDatasetTests,testCloning,()V,115,120,3577,3825,,,,2.0,,,Clones are within the same file,,
2463,3860,tests,org.jfree.data.category.junit,SlidingCategoryDatasetTests,testSerialization,()V,143,148,4524,4772,,,,,,,,,
2464,3861,tests,org.jfree.data.time.junit,TimeSeriesCollectionTests,testIndexOf,()V,288,309,9058,9840,,,,2.0,,,Clones are in different files,,
2465,3861,tests,org.jfree.data.xy.junit,XYSeriesCollectionTests,testIndexOf,()V,275,296,7830,8564,,,,,,,,,
2473,3945,tests,org.jfree.chart.axis.junit,ModuloAxisTests,testEquals,()V,101,103,2980,3143,,,,2.0,,,Clones are within the same file,,
2474,3945,tests,org.jfree.chart.axis.junit,ModuloAxisTests,testHashCode,()V,115,117,3434,3597,,,,,,,,,
2487,3954,tests,org.jfree.chart.axis.junit,AxisTests,testEquals,()V,117,140,3475,4341,,,,2.0,,,Clones are within the same method,,
2488,3954,tests,org.jfree.chart.axis.junit,AxisTests,testEquals,()V,170,193,5365,6301,,,,,,,,,
2489,3955,tests,org.jfree.chart.plot.junit,PlotTests,testEquals,()V,102,128,3144,4248,,,,2.0,,,Clones are in different files,,
2490,3955,tests,org.jfree.chart.axis.junit,AxisTests,testEquals,()V,170,196,5365,6417,,,,,,,,,
2496,3975,tests,org.jfree.chart.plot.junit,PiePlot3DTests,testSerialization,()V,110,131,3308,3927,,,,2.0,,,Clones are in different files,,
2497,3975,tests,org.jfree.chart.plot.junit,PiePlotTests,testSerialization,()V,559,577,20161,20769,,,,,,,,,
2514,4057,tests,org.jfree.data.junit,DataUtilitiesTests,testCalculateRowTotal,()V,86,96,3056,3647,,,,2.0,,,Clones are within the same file,,
2515,4057,tests,org.jfree.data.junit,DataUtilitiesTests,testCalculateColumnTotal,()V,71,81,2364,2967,,,,,,,,,
2520,4119,tests,org.jfree.chart.title.junit,LegendTitleTests,testHashcode,()V,131,136,4240,4457,,,,2.0,,,Clones are in different files,,
2521,4119,tests,org.jfree.chart.plot.dial.junit,DialBackgroundTests,testHashCode,()V,119,124,3850,4087,,,,,,,,,
2534,4175,tests,org.jfree.data.category.junit,DefaultCategoryDatasetTests,testRemoveValue,()V,275,285,8096,8548,,,,2.0,,,Clones are in different files,,
2535,4175,tests,org.jfree.data.junit,DefaultKeyedValues2DTests,testRemoveValue,()V,303,313,9565,10021,,,,,,,,,
2544,4250,tests,org.jfree.chart.renderer.category.junit,StatisticalBarRendererTests,testDrawWithNullMeanHorizontal,()V,238,245,8054,8469,,,,2.0,,,Clones are within the same file,,
2545,4250,tests,org.jfree.chart.renderer.category.junit,StatisticalBarRendererTests,testDrawWithNullDeviationHorizontal,()V,293,300,10229,10644,,,,,,,,,
2578,4342,tests,org.jfree.data.time.junit,TimeSeriesTests,testCreateCopy2,()V,486,493,16217,16630,,,,2.0,,,Clones are within the same file,,
2579,4342,tests,org.jfree.data.time.junit,TimeSeriesTests,testCreateCopy1,()V,392,399,12024,12437,,,,,,,,,
2593,4391,tests,org.jfree.chart.urls.junit,StandardPieURLGeneratorTests,testSerialization,()V,132,154,4525,5233,,,,2.0,,,Clones are in different files,,
2594,4391,tests,org.jfree.data.junit,KeyedObjectTests,testSerialization,()V,161,183,4916,5570,,,,,,,,,
2604,4483,tests,org.jfree.chart.renderer.xy.junit,XYBlockRendererTests,testBug1766646B,()V,202,209,6158,6470,,,,2.0,,,Clones are within the same file,,
2605,4483,tests,org.jfree.chart.renderer.xy.junit,XYBlockRendererTests,testBug1766646A,()V,190,197,5776,6090,,,,,,,,,
2610,4492,tests,org.jfree.data.time.junit,TimePeriodValuesCollectionTests,testGetDomainBoundsWithInterval,()V,238,252,7854,8535,,,,2.0,,,Clones are within the same method,,
2611,4492,tests,org.jfree.data.time.junit,TimePeriodValuesCollectionTests,testGetDomainBoundsWithInterval,()V,244,258,8126,8788,,,,,,,,,
2612,4523,tests,org.jfree.chart.plot.junit,RingPlotTests,testEquals,()V,95,116,2817,3638,,,,2.0,,,Clones are in different files,,
2613,4523,tests,org.jfree.chart.plot.junit,XYPlotTests,testEquals,()V,232,253,8502,9374,,,,,,,,,
2629,4652,tests,org.jfree.chart.plot.junit,IntervalMarkerTests,testGetSetStartValue,()V,170,178,5243,5593,,,,2.0,,,Clones are within the same file,,
2630,4652,tests,org.jfree.chart.plot.junit,IntervalMarkerTests,testGetSetEndValue,()V,183,191,5691,6033,,,,,,,,,
2631,4674,tests,org.jfree.data.general.junit,DefaultKeyedValuesDatasetTests,testSerialization,()V,105,128,3352,4108,,,,2.0,,,Clones are in different files,,
2632,4674,tests,org.jfree.data.general.junit,DefaultPieDatasetTests,testSerialization,()V,182,205,5343,6097,,,,,,,,,
2641,4718,tests,org.jfree.chart.axis.junit,NumberAxisTests,testXYAutoRange1,()V,346,368,13144,13934,,,,2.0,,,Clones are within the same file,,
2642,4718,tests,org.jfree.chart.axis.junit,NumberAxisTests,testXYAutoRange2,()V,374,396,14065,14854,,,,,,,,,
2701,4812,tests,org.jfree.data.statistics.junit,DefaultMultiValueCategoryDatasetTests,testGetColumnCount,()V,149,164,4493,4979,,,,2.0,,,Clones are within the same file,,
2702,4812,tests,org.jfree.data.statistics.junit,DefaultMultiValueCategoryDatasetTests,testGetRowCount,()V,131,144,3951,4412,,,,,,,,,
2707,4832,tests,org.jfree.chart.plot.junit,FastScatterPlotTests,testEquals,()V,119,137,3936,4712,,,,2.0,,,Clones are within the same method,,
2708,4832,tests,org.jfree.chart.plot.junit,FastScatterPlotTests,testEquals,()V,101,119,3190,3967,,,,,,,,,
2714,4837,tests,org.jfree.chart.axis.junit,AxisTests,testEquals,()V,143,167,4426,5271,,,,2.0,,,Clones are in different files,,
2715,4837,tests,org.jfree.chart.plot.junit,PlotTests,testEquals,()V,122,146,4019,4904,,,,,,,,,
2736,4865,tests,org.jfree.data.time.junit,TimePeriodValuesTests,testEquals,()V,234,241,7275,7573,,,,2.0,,,Clones are in different files,,
2737,4865,tests,org.jfree.data.time.junit,TimeSeriesTests,testEquals,()V,338,345,10423,10697,,,,,,,,,
2743,4873,tests,org.jfree.chart.axis.junit,AxisTests,testEquals,()V,164,187,5166,6038,,,,2.0,,,Clones are in different files,,
2744,4873,tests,org.jfree.chart.plot.junit,PolarPlotTests,testEquals,()V,116,135,3813,4625,,,,,,,,,
2745,4896,tests,org.jfree.chart.entity.junit,StandardEntityCollectionTests,testSerialization,()V,133,139,4386,4708,,,,2.0,,,Clones are within the same file,,
2746,4896,tests,org.jfree.chart.entity.junit,StandardEntityCollectionTests,testCloning,()V,106,112,3502,3824,,,,,,,,,
2752,4950,tests,org.jfree.chart.junit,JFreeChartTests,testSerialization1,()V,292,315,9742,10554,,,,2.0,,,Clones are within the same file,,
2753,4950,tests,org.jfree.chart.junit,JFreeChartTests,testSerialization2,()V,325,348,10795,11608,,,,,,,,,
2765,4968,tests,org.jfree.chart.plot.dial.junit,StandardDialScaleTests,testSerialization,()V,270,277,8865,9122,,,,2.0,,,Clones are within the same file,,
2766,4968,tests,org.jfree.chart.plot.dial.junit,StandardDialScaleTests,testCloning,()V,222,228,7257,7513,,,,,,,,,
2767,4969,tests,org.jfree.chart.plot.dial.junit,DialPointerTests,testSerialization2,()V,207,229,6249,6958,,,,2.0,,,Clones are within the same file,,
2768,4969,tests,org.jfree.chart.plot.dial.junit,DialPointerTests,testSerialization,()V,180,202,5449,6153,,,,,,,,,
2769,5004,tests,org.jfree.data.junit,ComparableObjectSeriesTests,testSerialization,()V,202,218,6407,7001,,,,2.0,,,Clones are in different files,,
2770,5004,tests,org.jfree.data.junit,ComparableObjectItemTests,testSerialization,()V,139,156,4423,5041,,,,,,,,,
2771,5013,tests,org.jfree.data.junit,KeyedObjectsTests,testGetKey,()V,261,265,7817,8026,,,,2.0,,,Clones are within the same file,,
2772,5013,tests,org.jfree.data.junit,KeyedObjectsTests,testGetObject,()V,227,231,6889,7104,,,,,,,,,
2822,5092,tests,org.jfree.data.junit,DefaultKeyedValues2DTests,testColumnCount,()V,212,219,6757,7080,,,,2.0,,,Clones are within the same file,,
2823,5092,tests,org.jfree.data.junit,DefaultKeyedValues2DTests,testRowCount,()V,200,207,6358,6669,,,,,,,,,
2824,5099,tests,org.jfree.chart.plot.junit,XYPlotTests,testSerialization4,()V,701,731,25171,26185,,,,2.0,,,Clones are in different files,,
2825,5099,tests,org.jfree.chart.plot.junit,CategoryPlotTests,testSerialization4,()V,653,683,23991,25023,,,,,,,,,
2856,5234,tests,org.jfree.data.junit,KeyToGroupMapTests,testMapKeyToGroup,()V,86,100,2574,3086,,,,2.0,,,Clones are within the same file,,
2857,5234,tests,org.jfree.data.junit,KeyToGroupMapTests,testGetGroup,()V,207,216,6805,7165,,,,,,,,,
2864,5240,tests,org.jfree.data.xy.junit,XYSeriesTests,testCloning2,()V,162,175,4672,5037,,,,2.0,,,Clones are within the same file,,
2865,5240,tests,org.jfree.data.xy.junit,XYSeriesTests,testCloning3,()V,183,196,5188,5553,,,,,,,,,
2866,5249,tests,org.jfree.chart.plot.junit,PiePlotTests,testEquals,()V,185,215,6331,7710,,,,2.0,,,Clones are within the same method,,
2867,5249,tests,org.jfree.chart.plot.junit,PiePlotTests,testEquals,()V,155,185,5053,6356,,,,,,,,,
2868,5265,tests,org.jfree.data.junit,KeyedObjects2DTests,testRemoveRowByIndex,()V,291,318,8391,9169,,,,2.0,,,Clones are within the same file,,
2869,5265,tests,org.jfree.data.junit,KeyedObjects2DTests,testRemoveColumnByIndex,()V,323,350,9252,10054,,,,,,,,,
2872,5304,tests,org.jfree.data.junit,RangeTests,testScale,()V,280,292,8477,8854,,,,2.0,,,Clones are within the same file,,
2873,5304,tests,org.jfree.data.junit,RangeTests,testShift,()V,254,266,7727,8102,,,,,,,,,
2874,5315,tests,org.jfree.chart.plot.junit,MeterPlotTests,testEquals,()V,159,182,5580,6485,,,,2.0,,,Clones are in different files,,
2875,5315,tests,org.jfree.chart.axis.junit,AxisTests,testEquals,()V,156,179,4830,5699,,,,,,,,,
2876,5329,tests,org.jfree.data.time.junit,YearTests,testGetEnd,()V,421,430,12282,12684,,,,2.0,,,Clones are within the same file,,
2877,5329,tests,org.jfree.data.time.junit,YearTests,testGetStart,()V,407,416,11813,12204,,,,,,,,,
2884,5334,tests,org.jfree.data.time.junit,DayTests,testGetEnd,()V,427,436,12887,13291,,,,2.0,,,Clones are within the same file,,
2885,5334,tests,org.jfree.data.time.junit,DayTests,testGetStart,()V,413,422,12412,12809,,,,,,,,,
2886,5336,tests,org.jfree.data.time.junit,HourTests,testGetEnd,()V,406,415,12239,12647,,,,2.0,,,Clones are within the same file,,
2887,5336,tests,org.jfree.data.time.junit,HourTests,testGetStart,()V,392,401,11759,12161,,,,,,,,,
2888,5338,tests,org.jfree.data.time.junit,SecondTests,testGetEnd,()V,358,367,11315,11737,,,,2.0,,,Clones are within the same file,,
2889,5338,tests,org.jfree.data.time.junit,SecondTests,testGetStart,()V,344,353,10821,11237,,,,,,,,,
2890,5339,tests,org.jfree.data.time.junit,MillisecondTests,testGetEnd,()V,379,388,12712,13149,,,,2.0,,,Clones are within the same file,,
2891,5339,tests,org.jfree.data.time.junit,MillisecondTests,testGetStart,()V,365,374,12201,12634,,,,,,,,,
2892,5345,tests,org.jfree.data.category.junit,SlidingCategoryDatasetTests,testGetValue,()V,248,255,8380,8746,,,,2.0,Subclone,5346.0,Clones are within the same file,,
2893,5345,tests,org.jfree.data.category.junit,SlidingCategoryDatasetTests,testGetColumnIndex,()V,214,221,7030,7396,,,,,,,,,
2900,5398,tests,org.jfree.data.junit,KeyedObjectsTests,testRemoveValueInt,()V,385,392,11364,11657,,,,2.0,,,Clones are within the same file,,
2901,5398,tests,org.jfree.data.junit,KeyedObjectsTests,testRemoveValue,()V,347,354,10351,10644,,,,,,,,,
2902,5410,tests,org.jfree.chart.axis.junit,DateAxisTests,testPreviousStandardDateYearA,()V,326,393,10655,13215,,,,2.0,,,Clones are within the same file,,
2903,5410,tests,org.jfree.chart.axis.junit,DateAxisTests,testPreviousStandardDateYearB,()V,399,466,13392,15953,,,,,,,,,
2909,5465,tests,org.jfree.chart.labels.junit,StandardXYZToolTipGeneratorTests,testEquals,()V,104,112,3492,3852,,,,2.0,,,Clones are in different files,,
2910,5465,tests,org.jfree.chart.labels.junit,BubbleXYItemLabelGeneratorTests,testEquals,()V,99,107,3200,3546,,,,,,,,,
2914,5478,tests,org.jfree.data.gantt.junit,SlidingGanttCategoryDatasetTests,testCloning,()V,143,149,4754,5095,,,,2.0,,,Clones are within the same file,,
2915,5478,tests,org.jfree.data.gantt.junit,SlidingGanttCategoryDatasetTests,testSerialization,()V,180,186,6117,6458,,,,,,,,,
2918,5491,tests,org.jfree.chart.renderer.junit,AbstractRendererTests,testSetNegativeItemLabelPosition,()V,649,656,22910,23298,,,,2.0,,,Clones are within the same file,,
2919,5491,tests,org.jfree.chart.renderer.junit,AbstractRendererTests,testSetPositiveItemLabelPosition,()V,636,643,22392,22780,,,,,,,,,
2932,5601,tests,org.jfree.data.gantt.junit,TaskSeriesCollectionTests,createCollection3,()QTaskSeriesCollection;,167,171,5932,6140,,,,2.0,,,Clones are within the same method,,
2933,5601,tests,org.jfree.data.gantt.junit,TaskSeriesCollectionTests,createCollection3,()QTaskSeriesCollection;,157,161,5556,5762,,,,,,,,,
2946,5612,tests,org.jfree.chart.axis.junit,LogAxisTests,testAutoRange1,()V,202,219,6509,7199,,,,2.0,,,Clones are within the same file,,
2947,5612,tests,org.jfree.chart.axis.junit,LogAxisTests,testAutoRange3,()V,228,238,7468,8096,,,,,,,,,
2948,5624,tests,org.jfree.chart.axis.junit,CategoryAxisTests,testCloning2,()V,192,200,6074,6452,,,,2.0,,,Clones are in different files,,
2949,5624,tests,org.jfree.chart.axis.junit,ExtendedCategoryAxisTests,testCloning2,()V,148,156,4586,4996,,,,,,,,,
2985,5925,tests,org.jfree.data.xy.junit,DefaultIntervalXYDatasetTests,testIndexOf,()V,348,354,11423,11695,,,,2.0,,,Clones are in different files,,
2986,5925,tests,org.jfree.data.xy.junit,DefaultWindDatasetTests,testIndexOf,()V,209,215,6281,6559,,,,,,,,,
3010,5994,tests,org.jfree.chart.junit,ChartRenderingInfoTests,testSerialization2,()V,174,191,5726,6358,,,,2.0,,,Clones are within the same file,,
3011,5994,tests,org.jfree.chart.junit,ChartRenderingInfoTests,testSerialization,()V,148,164,4896,5512,,,,,,,,,
3022,6040,tests,org.jfree.data.gantt.junit,SlidingGanttCategoryDatasetTests,testSerialization,()V,156,163,5229,5551,,,,2.0,,,Clones are within the same file,,
3023,6040,tests,org.jfree.data.gantt.junit,SlidingGanttCategoryDatasetTests,testCloning,()V,125,132,4106,4428,,,,,,,,,
3024,6041,tests,org.jfree.chart.renderer.junit,AbstractRendererTests,testSetStroke,()V,574,579,20472,20657,,,,2.0,,,Clones are within the same file,,
3025,6041,tests,org.jfree.chart.renderer.junit,AbstractRendererTests,testSetOutlineStroke,()V,584,589,20765,20971,,,,,,,,,
3026,6096,tests,org.jfree.data.gantt.junit,TaskSeriesCollectionTests,testCloning,()V,467,478,17649,18124,,,,2.0,,,Clones are within the same file,,
3027,6096,tests,org.jfree.data.gantt.junit,TaskSeriesCollectionTests,testSerialization,()V,502,513,18818,19289,,,,,,,,,
3038,6219,tests,org.jfree.data.time.junit,TimeSeriesTests,testSetMaximumItemCount,()V,563,568,18952,19194,,,,2.0,,,Clones are within the same file,,
3039,6219,tests,org.jfree.data.time.junit,TimeSeriesTests,testSerialization,()V,307,312,9509,9755,,,,,,,,,
3045,6244,tests,org.jfree.chart.axis.junit,MonthDateFormatTests,testEquals,()V,118,134,4033,4815,,,,2.0,,,Clones are within the same method,,
3046,6244,tests,org.jfree.chart.axis.junit,MonthDateFormatTests,testEquals,()V,102,118,3294,4060,,,,,,,,,
3047,6249,tests,org.jfree.chart.plot.junit,XYPlotTests,testSerialization5,()V,745,768,26808,27714,,,,2.0,,,Clones are in different files,,
3048,6249,tests,org.jfree.chart.plot.junit,CategoryPlotTests,testSerialization5,()V,698,720,25664,26559,,,,,,,,,
3065,6298,tests,org.jfree.data.category.junit,DefaultCategoryDatasetTests,testGetColumnCount,()V,184,200,5348,5882,,,,2.0,,,Clones are within the same file,,
3066,6298,tests,org.jfree.data.category.junit,DefaultCategoryDatasetTests,testGetRowCount,()V,163,179,4754,5267,,,,,,,,,
3073,6341,tests,org.jfree.chart.renderer.category.junit,BoxAndWhiskerRendererTests,testBug1572478Vertical,()V,229,246,7650,8336,,,,2.0,,,Clones are within the same file,,
3074,6341,tests,org.jfree.chart.renderer.category.junit,BoxAndWhiskerRendererTests,testBug1572478Horizontal,()V,271,288,9024,9710,,,,,,,,,
3075,6351,tests,org.jfree.chart.entity.junit,XYItemEntityTests,testEquals,()V,93,113,2944,3623,,,,2.0,,,Clones are in different files,,
3076,6351,tests,org.jfree.chart.entity.junit,ContourEntityTests,testEquals,()V,90,110,2814,3473,,,,,,,,,
3089,6397,tests,org.jfree.data.gantt.junit,TaskSeriesCollectionTests,createCollection3,()QTaskSeriesCollection;,152,156,5316,5546,,,,2.0,,,Clones are within the same method,,
3090,6397,tests,org.jfree.data.gantt.junit,TaskSeriesCollectionTests,createCollection3,()QTaskSeriesCollection;,165,170,5831,6107,,,,,,,,,
3098,6452,tests,org.jfree.data.junit,KeyedObjects2DTests,testRemoveRowByKey,()V,356,378,10177,10795,,,,2.0,,,Clones are within the same file,,
3099,6452,tests,org.jfree.data.junit,KeyedObjects2DTests,testRemoveColumnByKey,()V,388,410,11022,11658,,,,,,,,,
3100,6453,tests,org.jfree.data.junit,KeyedObjects2DTests,testRemoveColumnByIndex,()V,324,336,9293,9702,,,,2.0,Subclone,5265.0,Clones are within the same file,,
3101,6453,tests,org.jfree.data.junit,KeyedObjects2DTests,testRemoveRowByIndex,()V,292,304,8429,8826,,,,,,,,,
3121,6494,tests,org.jfree.chart.annotations.junit,XYTextAnnotationTests,testEquals,()V,104,114,3310,3610,,,,2.0,Subclone,6495.0,Clones are within the same method,,
3122,6494,tests,org.jfree.chart.annotations.junit,XYTextAnnotationTests,testEquals,()V,92,102,2920,3221,,,,,,,,,
3123,6495,tests,org.jfree.chart.annotations.junit,XYTextAnnotationTests,testEquals,()V,92,108,2920,3414,,,,2.0,,,Clones are within the same method,,
3124,6495,tests,org.jfree.chart.annotations.junit,XYTextAnnotationTests,testEquals,()V,98,114,3117,3610,,,,,,,,,
3157,6724,tests,org.jfree.chart.annotations.junit,XYImageAnnotationTests,testHashCode,()V,100,105,3277,3542,,,,,,,,,
3180,6773,tests,org.jfree.data.time.junit,TimeTableXYDatasetTests,testClear,()V,192,196,6097,6328,,,,2.0,,,Clones are within the same file,,
3181,6773,tests,org.jfree.data.time.junit,TimeTableXYDatasetTests,testStandard,()V,88,92,2719,2950,,,,,,,,,
3214,7081,tests,org.jfree.chart.plot.junit,CategoryMarkerTests,testEquals,()V,104,115,3196,3665,,,,2.0,,,Clones are within the same method,,
3215,7081,tests,org.jfree.chart.plot.junit,CategoryMarkerTests,testEquals,()V,112,123,3589,4057,,,,,,,,,
3224,7121,tests,org.jfree.data.category.junit,CategoryToPieDatasetTests,testGetKey,()V,151,177,4978,5825,,,,2.0,,,Clones are within the same file,,
3225,7121,tests,org.jfree.data.category.junit,CategoryToPieDatasetTests,testGetValue,()V,109,135,3599,4452,,,,,,,,,
3226,7148,tests,org.jfree.chart.annotations.junit,TextAnnotationTests,testHashCode,()V,133,137,4217,4402,,,,2.0,,,Clones are in different files,,
3227,7148,tests,org.jfree.chart.annotations.junit,CategoryTextAnnotationTests,testHashcode,()V,123,129,3807,4014,,,,,,,,,
3233,7170,tests,org.jfree.data.junit,KeyedObjects2DTests,testCloning,()V,101,114,3071,3562,,,,2.0,,,Clones are in different files,,
3234,7170,tests,org.jfree.data.junit,DefaultKeyedValues2DTests,testCloning,()V,116,129,3533,4045,,,,,,,,,
3244,7220,tests,org.jfree.chart.plot.junit,PlotRenderingInfoTests,testCloning,()V,118,135,3827,4387,,,,2.0,,,Clones are in different files,,
3245,7220,tests,org.jfree.chart.junit,ChartRenderingInfoTests,testCloning,()V,116,133,3881,4453,,,,,,,,,
3246,7225,tests,org.jfree.chart.axis.junit,PeriodAxisTests,testCloning,()V,193,210,6120,6650,,,,2.0,,,Clones are in different files,,
3247,7225,tests,org.jfree.chart.plot.junit,PolarPlotTests,testCloning,()V,173,190,5977,6472,,,,,,,,,
3248,7228,tests,org.jfree.data.xy.junit,CategoryTableXYDatasetTests,testCloning,()V,113,132,3398,4023,,,,2.0,,,Clones are within the same file,,
3249,7228,tests,org.jfree.data.xy.junit,CategoryTableXYDatasetTests,testCloning2,()V,145,164,4366,4991,,,,,,,,,
3250,7230,tests,org.jfree.chart.plot.junit,XYPlotTests,testCloning_QuadrantPaint,()V,455,470,16975,17460,,,,2.0,,,Clones are in different files,,
3251,7230,tests,org.jfree.chart.renderer.junit,AbstractRendererTests,testCloning,()V,414,428,15038,15525,,,,,,,,,
3252,7232,tests,org.jfree.chart.renderer.xy.junit,XYLineAndShapeRendererTests,testCloning,()V,213,227,6875,7352,,,,2.0,,,Clones are in different files,,
3253,7232,tests,org.jfree.chart.renderer.junit,DefaultPolarItemRendererTests,testCloning,()V,112,126,3560,4035,,,,,,,,,
3254,7246,tests,org.jfree.data.gantt.junit,TaskSeriesCollectionTests,testCloning,()V,477,491,18082,18560,,,,2.0,,,Clones are in different files,,
3255,7246,tests,org.jfree.data.gantt.junit,SlidingGanttCategoryDatasetTests,testCloning,()V,131,146,4379,4896,,,,,,,,,
3256,7249,tests,org.jfree.chart.renderer.xy.junit,XYAreaRenderer2Tests,testCloning,()V,129,142,4068,4478,,,,2.0,,,Clones are in different files,,
3257,7249,tests,org.jfree.chart.title.junit,LegendGraphicTests,testCloning,()V,207,220,6851,7258,,,,,,,,,
3263,7317,tests,org.jfree.chart.plot.dial.junit,StandardDialScaleTests,testSerialization,()V,272,291,8932,9630,,,,2.0,,,Clones are in different files,,
3264,7317,tests,org.jfree.chart.plot.dial.junit,DialCapTests,testSerialization,()V,208,227,6429,7114,,,,,,,,,
3270,7387,tests,org.jfree.chart.axis.junit,ExtendedCategoryAxisTests,testCloning,()V,131,139,4117,4408,,,,2.0,,,Clones are in different files,,
3271,7387,tests,org.jfree.data.junit,KeyToGroupMapTests,testCloning,()V,254,262,8265,8570,,,,,,,,,
3296,7481,tests,org.jfree.data.junit,DefaultKeyedValuesTests,testGetValue,()V,154,173,4641,5258,,,,2.0,,,Clones are within the same file,,
3297,7481,tests,org.jfree.data.junit,DefaultKeyedValuesTests,testGetKey,()V,189,208,5612,6233,,,,,,,,,
3304,7532,tests,org.jfree.chart.labels.junit,StandardCategorySeriesLabelGeneratorTests,testGenerateLabel,()V,88,93,2929,3198,,,,2.0,,,Clones are in different files,,
3305,7532,tests,org.jfree.chart.labels.junit,StandardCategoryItemLabelGeneratorTests,testGenerateLabel,()V,95,100,3193,3462,,,,,,,,,
3315,7550,tests,org.jfree.chart.block.junit,GridArrangementTests,testSerialization,()V,116,135,3589,4240,,,,2.0,,,Clones are in different files,,
3316,7550,tests,org.jfree.data.time.junit,WeekTests,testSerialization,()V,172,193,4920,5523,,,,,,,,,
3317,7565,tests,org.jfree.data.statistics.junit,DefaultStatisticalCategoryDatasetTests,testCloning,()V,142,149,4953,5291,,,,2.0,,,Clones are within the same file,,
3318,7565,tests,org.jfree.data.statistics.junit,DefaultStatisticalCategoryDatasetTests,testSerialization1,()V,168,175,5809,6143,,,,,,,,,
3321,7590,tests,org.jfree.data.gantt.junit,SlidingGanttCategoryDatasetTests,testSerialization,()V,160,177,5413,6069,,,,2.0,,,Clones are in different files,,
3322,7590,tests,org.jfree.data.category.junit,SlidingCategoryDatasetTests,testSerialization,()V,146,162,4657,5285,,,,,,,,,
3323,7617,tests,org.jfree.data.category.junit,SlidingCategoryDatasetTests,testSerialization,()V,147,165,4728,5346,,,,2.0,,,Clones are in different files,,
3324,7617,tests,org.jfree.data.gantt.junit,SlidingGanttCategoryDatasetTests,testSerialization,()V,162,180,5502,6122,,,,,,,,,
3331,7687,tests,org.jfree.chart.renderer.xy.junit,XYAreaRenderer2Tests,testCloning,()V,133,142,4174,4478,,,,2.0,Subclone,7249.0,Clones are in different files,,
3332,7687,tests,org.jfree.chart.title.junit,LegendGraphicTests,testCloning,()V,211,220,6953,7258,,,,,,,,,
3544,7779,tests,org.jfree.data.statistics.junit,DefaultStatisticalCategoryDatasetTests,testGetRangeLowerBound,()V,238,244,8313,8624,,,,2.0,,,Clones are within the same file,,
3545,7779,tests,org.jfree.data.statistics.junit,DefaultStatisticalCategoryDatasetTests,testGetRangeUpperBound,()V,249,255,8710,9020,,,,,,,,,
3551,7786,tests,org.jfree.chart.plot.junit,CombinedDomainCategoryPlotTests,createPlot,()QCombinedDomainCategoryPlot;,313,320,10417,10704,,,,2.0,,,Clones are in different files,,
3552,7786,tests,org.jfree.chart.plot.junit,CombinedRangeCategoryPlotTests,createPlot,()QCombinedRangeCategoryPlot;,307,314,10185,10465,,,,,,,,,
3555,7816,tests,org.jfree.data.time.junit,TimePeriodValuesCollectionTests,testGetDomainBoundsWithoutInterval,()V,205,220,6571,7268,,,,2.0,,,Clones are within the same file,,
3556,7816,tests,org.jfree.data.time.junit,TimePeriodValuesCollectionTests,testGetDomainBoundsWithInterval,()V,231,246,7581,8275,,,,,,,,,
3557,7819,tests,org.jfree.chart.axis.junit,CategoryAxisTests,testCloning2,()V,203,223,6526,7372,,,,2.0,,,Clones are in different files,,
3558,7819,tests,org.jfree.chart.axis.junit,ExtendedCategoryAxisTests,testCloning2,()V,159,179,5051,5897,,,,,,,,,
3559,7820,tests,org.jfree.data.category.junit,DefaultCategoryDatasetTests,testRemoveColumn,()V,368,375,10838,11104,,,,2.0,Subclone,7821.0,Clones are within the same file,,
3560,7820,tests,org.jfree.data.category.junit,DefaultCategoryDatasetTests,testRemoveRow,()V,398,405,11589,11846,,,,,,,,,
3561,7821,tests,org.jfree.data.category.junit,DefaultCategoryDatasetTests,testRemoveRow,()V,397,422,11558,12207,,,,2.0,,,Clones are within the same file,,
3562,7821,tests,org.jfree.data.category.junit,DefaultCategoryDatasetTests,testRemoveColumn,()V,367,392,10804,11471,,,,,,,,,
3570,7887,tests,org.jfree.data.xy.junit,XIntervalSeriesTests,testGetXLowValue,()V,311,317,9901,10171,,,,2.0,,,Clones are within the same file,,
3571,7887,tests,org.jfree.data.xy.junit,XIntervalSeriesTests,testGetXHighValue,()V,322,328,10244,10517,,,,,,,,,
3597,7937,tests,org.jfree.chart.plot.junit,CategoryPlotTests,testSerialization5,()V,699,724,25724,26691,,,,2.0,,,Clones are in different files,,
3598,7937,tests,org.jfree.chart.plot.junit,XYPlotTests,testSerialization5,()V,746,772,26868,27853,,,,,,,,,
3599,7944,tests,org.jfree.chart.junit,PaintMapTests,testSerialization2,()V,207,221,5957,6520,,,,2.0,,,Clones are in different files,,
3600,7944,tests,org.jfree.chart.axis.junit,CategoryAxisTests,testSerialization,()V,231,247,7566,8158,,,,,,,,,
3601,7959,tests,org.jfree.data.xy.junit,XYIntervalSeriesTests,testSerialization,()V,161,178,4962,5560,,,,2.0,,,Clones are in different files,,
3602,7959,tests,org.jfree.data.xy.junit,XYIntervalSeriesCollectionTests,testSerialization,()V,148,165,4943,5553,,,,,,,,,
3623,8057,tests,org.jfree.chart.plot.junit,CategoryMarkerTests,testEquals,()V,140,150,4984,5505,,,,2.0,Subclone,8058.0,Clones are within the same method,,
3624,8057,tests,org.jfree.chart.plot.junit,CategoryMarkerTests,testEquals,()V,120,130,3975,4504,,,,,,,,,
3625,8058,tests,org.jfree.chart.plot.junit,CategoryMarkerTests,testEquals,()V,130,150,4479,5505,,,,2.0,,,Clones are within the same method,,
3626,8058,tests,org.jfree.chart.plot.junit,CategoryMarkerTests,testEquals,()V,120,140,3975,5009,,,,,,,,,
3627,8064,tests,org.jfree.data.category.junit,SlidingCategoryDatasetTests,testGetColumnCount,()V,177,183,5698,6010,,,,2.0,,,Clones are within the same file,,
3628,8064,tests,org.jfree.data.category.junit,SlidingCategoryDatasetTests,testGetRowCount,()V,199,206,6546,6853,,,,,,,,,
3679,8097,tests,org.jfree.chart.renderer.xy.junit,RendererXYPackageTests,createTestXYSeriesCollection,()QXYSeriesCollection;,118,129,4686,5136,,,,2.0,,,Clones are within the same file,,
3680,8097,tests,org.jfree.chart.renderer.xy.junit,RendererXYPackageTests,createTestTableXYDataset,()QTableXYDataset;,136,147,5299,5751,,,,,,,,,
3683,8125,tests,org.jfree.chart.plot.dial.junit,DialCapTests,testCloning,()V,155,162,4666,4990,,,,2.0,,,Clones are within the same file,,
3684,8125,tests,org.jfree.chart.plot.dial.junit,DialCapTests,testSerialization,()V,205,213,6291,6616,,,,,,,,,
3701,8161,tests,org.jfree.data.xy.junit,VectorSeriesTests,testIndexOf,()V,185,189,5575,5794,,,,2.0,,,Clones are within the same file,,
3702,8161,tests,org.jfree.data.xy.junit,VectorSeriesTests,testIndexOf2,()V,196,200,5928,6147,,,,,,,,,
3703,8176,tests,org.jfree.data.time.ohlc.junit,OHLCSeriesTests,testSerialization,()V,148,165,4479,5067,,,,2.0,,,Clones are in different files,,
3704,8176,tests,org.jfree.data.time.ohlc.junit,OHLCItemTests,testSerialization,()V,155,171,5107,5697,,,,,,,,,
3705,8178,tests,org.jfree.data.time.junit,TimeSeriesTests,testSetMaximumItemCount,()V,563,570,18982,19214,,,,2.0,,,Clones are within the same file,,
3706,8178,tests,org.jfree.data.time.junit,TimeSeriesTests,testSerialization,()V,307,313,9539,9774,,,,,,,,,
3773,8407,tests,org.jfree.chart.plot.dial.junit,StandardDialScaleTests,testEquals,()V,90,99,2814,3123,,,,2.0,Subclone,8409.0,Clones are within the same method,,
3774,8407,tests,org.jfree.chart.plot.dial.junit,StandardDialScaleTests,testEquals,()V,108,117,3542,3835,,,,,,,,,
3775,8408,tests,org.jfree.chart.plot.dial.junit,StandardDialScaleTests,testEquals,()V,102,117,3298,3835,,,,2.0,,,Clones are within the same method,,
3776,8408,tests,org.jfree.chart.plot.dial.junit,StandardDialScaleTests,testEquals,()V,90,105,2814,3365,,,,,,,,,
3777,8409,tests,org.jfree.chart.plot.dial.junit,StandardDialScaleTests,testEquals,()V,90,111,2814,3597,,,,2.0,,,Clones are within the same method,,
3778,8409,tests,org.jfree.chart.plot.dial.junit,StandardDialScaleTests,testEquals,()V,96,117,3056,3835,,,,,,,,,
3779,8413,tests,org.jfree.data.time.junit,YearTests,testParseYear,()V,211,226,6074,6490,,,,2.0,,,Clones are within the same method,,
3780,8413,tests,org.jfree.data.time.junit,YearTests,testParseYear,()V,202,217,5850,6268,,,,,,,,,
3806,8463,tests,org.jfree.chart.renderer.category.junit,AbstractCategoryItemRendererTests,testCloning2,()V,221,257,8161,9294,,,,2.0,,,Clones are within the same file,,
3807,8463,tests,org.jfree.chart.renderer.category.junit,AbstractCategoryItemRendererTests,testCloning1,()V,176,212,6791,7924,,,,,,,,,
3883,8537,tests,org.jfree.data.xy.junit,XYSeriesTests,testAddOrUpdate,()V,329,334,9504,9748,,,,2.0,,,Clones are within the same method,,
3884,8537,tests,org.jfree.data.xy.junit,XYSeriesTests,testAddOrUpdate,()V,324,329,9311,9554,,,,,,,,,
3889,8572,tests,org.jfree.data.time.junit,MovingAverageTests,createDailyTimeSeries1,()QTimeSeries;,113,122,3716,4385,,,,2.0,,,Clones are in different files,,
3890,8572,tests,org.jfree.chart.plot.junit,XYPlotTests,createDataset1,()QIntervalXYDataset;,841,850,30609,31297,,,,,,,,,
3917,8607,tests,org.jfree.data.time.junit,TimeSeriesTests,testEquals,()V,364,373,11177,11438,,,,2.0,,,Clones are within the same method,,
3918,8607,tests,org.jfree.data.time.junit,TimeSeriesTests,testEquals,()V,356,365,10968,11233,,,,,,,,,
3921,8620,tests,org.jfree.chart.plot.junit,ThermometerPlotTests,testSerialization2,()V,245,264,7849,8549,,,,2.0,,,Clones are in different files,,
3922,8620,tests,org.jfree.chart.renderer.xy.junit,StackedXYBarRendererTests,testSerialization,()V,153,171,4792,5512,,,,,,,,,
3923,8622,tests,org.jfree.chart.junit,JFreeChartTests,testEquals2,()V,233,238,8080,8419,,,,2.0,,,Clones are within the same file,,
3924,8622,tests,org.jfree.chart.junit,JFreeChartTests,testEquals,()V,137,142,4295,4631,,,,,,,,,
3930,8707,tests,org.jfree.data.time.junit,TimeSeriesTests,testSerialization,()V,308,327,9571,10233,,,,2.0,,,Clones are in different files,,
3931,8707,tests,org.jfree.data.time.junit,TimePeriodValuesTests,testSerialization,()V,205,223,6433,7098,,,,,,,,,
3932,8719,tests,org.jfree.chart.plot.junit,PieLabelRecordTests,testEquals,()V,122,125,4306,4529,,,,2.0,Subclone,8724.0,Clones are within the same method,,
3933,8719,tests,org.jfree.chart.plot.junit,PieLabelRecordTests,testEquals,()V,92,95,2902,3125,,,,,,,,,
3934,8720,tests,org.jfree.chart.plot.junit,PieLabelRecordTests,testEquals,()V,117,125,4072,4529,,,,2.0,,,Clones are within the same method,,
3935,8720,tests,org.jfree.chart.plot.junit,PieLabelRecordTests,testEquals,()V,92,100,2902,3359,,,,,,,,,
3936,8721,tests,org.jfree.chart.plot.junit,PieLabelRecordTests,testEquals,()V,92,105,2902,3593,,,,2.0,,,Clones are within the same method,,
3937,8721,tests,org.jfree.chart.plot.junit,PieLabelRecordTests,testEquals,()V,112,125,3838,4529,,,,,,,,,
3938,8722,tests,org.jfree.chart.plot.junit,PieLabelRecordTests,testEquals,()V,107,125,3604,4529,,,,2.0,,,Clones are within the same method,,
3939,8722,tests,org.jfree.chart.plot.junit,PieLabelRecordTests,testEquals,()V,92,110,2902,3827,,,,,,,,,
3940,8723,tests,org.jfree.chart.plot.junit,PieLabelRecordTests,testEquals,()V,92,115,2902,4061,,,,2.0,,,Clones are within the same method,,
3941,8723,tests,org.jfree.chart.plot.junit,PieLabelRecordTests,testEquals,()V,102,125,3370,4529,,,,,,,,,
3942,8724,tests,org.jfree.chart.plot.junit,PieLabelRecordTests,testEquals,()V,97,125,3136,4529,,,,2.0,,,Clones are within the same method,,
3943,8724,tests,org.jfree.chart.plot.junit,PieLabelRecordTests,testEquals,()V,92,120,2902,4295,,,,,,,,,
3954,8816,tests,org.jfree.chart.plot.junit,MarkerTests,testListenersWithCategoryPlot,()V,364,378,12263,13051,,,,2.0,,,Clones are within the same file,,
3955,8816,tests,org.jfree.chart.plot.junit,MarkerTests,testListenersWithXYPlot,()V,387,401,13290,14078,,,,,,,,,
3959,8824,tests,org.jfree.chart.util.junit,LogFormatTests,testEquals,()V,97,100,2949,3104,,,,2.0,Subclone,8825.0,Clones are within the same method,,
3960,8824,tests,org.jfree.chart.util.junit,LogFormatTests,testEquals,()V,87,90,2613,2766,,,,,,,,,
3961,8825,tests,org.jfree.chart.util.junit,LogFormatTests,testEquals,()V,92,100,2785,3104,,,,2.0,,,Clones are within the same method,,
3962,8825,tests,org.jfree.chart.util.junit,LogFormatTests,testEquals,()V,87,95,2613,2938,,,,,,,,,
3987,8864,tests,org.jfree.data.xy.junit,DefaultTableXYDatasetTests,testAddSeries,()V,186,192,5609,5871,,,,2.0,,,Clones are within the same method,,
3988,8864,tests,org.jfree.data.xy.junit,DefaultTableXYDatasetTests,testAddSeries,()V,198,205,6135,6398,,,,,,,,,
4015,8967,tests,org.jfree.data.time.junit,TimePeriodValuesTests,setUp,()V,106,118,3228,3795,,,,2.0,,,Clones are in different files,,
4016,8967,tests,org.jfree.data.time.junit,TimeSeriesTests,setUp,()V,117,129,3808,4369,,,,,,,,,
4023,8977,tests,org.jfree.data.time.junit,TimeSeriesTests,testClone,()V,166,177,5480,5841,,,,2.0,,,Clones are in different files,,
4024,8977,tests,org.jfree.data.time.junit,TimePeriodValuesTests,testClone,()V,146,157,4693,5076,,,,,,,,,
4055,9027,tests,org.jfree.data.time.ohlc.junit,OHLCItemTests,testEquals,()V,104,107,3301,3506,,,,2.0,Subclone,9030.0,Clones are within the same method,,
4056,9027,tests,org.jfree.data.time.ohlc.junit,OHLCItemTests,testEquals,()V,128,131,4237,4442,,,,,,,,,
4057,9028,tests,org.jfree.data.time.ohlc.junit,OHLCItemTests,testEquals,()V,104,113,3301,3746,,,,2.0,,,Clones are within the same method,,
4058,9028,tests,org.jfree.data.time.ohlc.junit,OHLCItemTests,testEquals,()V,122,131,4004,4442,,,,,,,,,
4059,9029,tests,org.jfree.data.time.ohlc.junit,OHLCItemTests,testEquals,()V,104,119,3301,3978,,,,2.0,,,Clones are within the same method,,
4060,9029,tests,org.jfree.data.time.ohlc.junit,OHLCItemTests,testEquals,()V,116,131,3773,4442,,,,,,,,,
4061,9030,tests,org.jfree.data.time.ohlc.junit,OHLCItemTests,testEquals,()V,110,131,3541,4442,,,,2.0,,,Clones are within the same method,,
4062,9030,tests,org.jfree.data.time.ohlc.junit,OHLCItemTests,testEquals,()V,104,125,3301,4209,,,,,,,,,
4105,9149,tests,org.jfree.chart.renderer.category.junit,StatisticalBarRendererTests,testDrawWithNullInfo,()V,177,197,5664,6476,,,,2.0,,,Clones are in different files,,
4106,9149,tests,org.jfree.chart.renderer.category.junit,StatisticalLineAndShapeRendererTests,testDrawWithNullInfo,()V,177,197,5746,6563,,,,,,,,,
4118,9170,tests,org.jfree.data.time.junit,TimePeriodValuesTests,testAddValue,()V,187,195,5975,6232,,,,2.0,,,Clones are in different files,,
4119,9170,tests,org.jfree.data.time.junit,TimeSeriesTests,testAddValue,()V,238,246,7564,7837,,,,,,,,,
4144,9285,tests,org.jfree.chart.renderer.junit,LookupPaintScaleTests,testSerialization,()V,167,172,5403,5670,,,,2.0,,,Clones are within the same file,,
4145,9285,tests,org.jfree.chart.renderer.junit,LookupPaintScaleTests,testCloning,()V,129,134,4104,4370,,,,,,,,,
4181,9438,tests,org.jfree.chart.junit,JFreeChartTests,testLegendEvents,()V,533,539,17548,17866,,,,2.0,,,Clones are within the same file,,
4182,9438,tests,org.jfree.chart.junit,JFreeChartTests,testTitleChangeEvent,()V,547,553,18075,18376,,,,,,,,,
4190,9497,tests,org.jfree.data.time.junit,TimePeriodValuesTests,setUp,()V,110,126,3452,4139,,,,2.0,,,Clones are within the same method,,
4191,9497,tests,org.jfree.data.time.junit,TimePeriodValuesTests,setUp,()V,120,136,3841,4528,,,,,,,,,
4192,9498,tests,org.jfree.data.time.junit,TimeSeriesTests,setUp,()V,131,147,4427,5120,,,,2.0,,,Clones are within the same method,,
4193,9498,tests,org.jfree.data.time.junit,TimeSeriesTests,setUp,()V,121,137,4032,4725,,,,,,,,,
4194,9539,tests,org.jfree.chart.block.junit,GridArrangementTests,testEquals,()V,88,103,2766,3291,,,,2.0,,,Clones are in different files,,
4195,9539,tests,org.jfree.data.time.junit,WeekTests,testEquals,()V,120,135,3476,3932,,,,,,,,,
4247,9620,tests,org.jfree.chart.plot.junit,SpiderWebPlotTests,testDrawWithNullInfo,()V,356,369,12049,12518,,,,2.0,,,Clones are in different files,,
4248,9620,tests,org.jfree.chart.junit,PieChart3DTests,testNullValueInDataset,()V,120,133,3832,4311,,,,,,,,,
4280,9680,tests,org.jfree.data.time.junit,TimeSeriesDataItemTests,testEquals,()V,103,110,2915,3205,,,,2.0,,,Clones are in different files,,
4281,9680,tests,org.jfree.data.time.junit,TimePeriodValueTests,testEquals,()V,99,102,2809,3039,,,,,,,,,
4300,9714,tests,org.jfree.data.statistics.junit,BoxAndWhiskerCalculatorTests,testCalculateQ3,()V,139,165,4478,5434,,,,2.0,,,Clones are within the same file,,
4301,9714,tests,org.jfree.data.statistics.junit,BoxAndWhiskerCalculatorTests,testCalculateQ1,()V,107,134,3442,4415,,,,,,,,,
4310,9755,tests,org.jfree.chart.junit,PaintMapTests,testGetPaint,()V,90,101,2703,3029,,,,2.0,,,Clones are in different files,,
4311,9755,tests,org.jfree.chart.junit,StrokeMapTests,testGetStroke,()V,88,99,2658,2986,,,,,,,,,
4325,9776,tests,org.jfree.data.gantt.junit,TaskSeriesCollectionTests,testGetEndValue3,()V,363,370,13687,14019,,,,2.0,Subclone,6444.0,Clones are within the same file,,
4326,9776,tests,org.jfree.data.gantt.junit,TaskSeriesCollectionTests,testGetStartValue3,()V,298,305,10786,11122,,,,,,,,,
4377,9953,tests,org.jfree.data.time.junit,TimeSeriesTests,testEquals,()V,347,357,10708,11024,,,,2.0,,,Clones are in different files,,
4378,9953,tests,org.jfree.data.time.junit,TimePeriodValuesTests,testEquals,()V,267,277,8340,8656,,,,,,,,,
4382,9960,tests,org.jfree.chart.renderer.category.junit,BoxAndWhiskerRendererTests,testBug1572478Horizontal,()V,290,306,9777,10311,,,,2.0,,,Clones are within the same file,,
4383,9960,tests,org.jfree.chart.renderer.category.junit,BoxAndWhiskerRendererTests,testBug1572478Vertical,()V,247,263,8346,8880,,,,,,,,,
4384,9969,tests,org.jfree.chart.plot.junit,CategoryPlotTests,testGetDomainAxisIndex,()V,837,849,31177,31679,,,,2.0,,,Clones are within the same file,,
4385,9969,tests,org.jfree.chart.plot.junit,CategoryPlotTests,testGetRangeAxisIndex,()V,861,873,32075,32565,,,,,,,,,
4461,10045,tests,org.jfree.data.junit,DefaultKeyedValues2DTests,testGetColumnKey,()V,284,296,9002,9437,,,,2.0,,,Clones are within the same file,,
4462,10045,tests,org.jfree.data.junit,DefaultKeyedValues2DTests,testGetRowKey,()V,257,269,8134,8560,,,,,,,,,
4484,10085,tests,org.jfree.data.time.junit,TimePeriodValueTests,testSerialization,()V,108,130,3141,3841,,,,2.0,,,Clones are in different files,,
4485,10085,tests,org.jfree.data.time.junit,TimeSeriesDataItemTests,testSerialization,()V,121,145,3479,4218,,,,,,,,,
4511,10172,tests,org.jfree.data.time.junit,TimeSeriesTests,testRemoveAgedItems2,()V,759,766,25534,25818,,,,2.0,,,Clones are within the same file,,
4512,10172,tests,org.jfree.data.time.junit,TimeSeriesTests,testRemoveAgedItems,()V,721,728,24015,24299,,,,,,,,,
4611,10388,tests,org.jfree.data.statistics.junit,DefaultBoxAndWhiskerCategoryDatasetTests,testAdd,()V,197,218,7257,8399,,,,2.0,,,Clones are within the same file,,
4612,10388,tests,org.jfree.data.statistics.junit,DefaultBoxAndWhiskerCategoryDatasetTests,testAddUpdatesCachedRange,()V,232,253,8860,9995,,,,,,,,,
4613,10391,tests,org.jfree.chart.axis.junit,LogarithmicAxisTests,checkLogPowRoundTrip,(D)V,163,168,4794,5107,,,,2.0,,,Clones are within the same file,,
4614,10391,tests,org.jfree.chart.axis.junit,LogarithmicAxisTests,checkSwitchedLogPowRoundTrip,(D)V,190,195,5884,6210,,,,,,,,,
4625,10512,tests,org.jfree.chart.renderer.xy.junit,XYLineAndShapeRendererTests,testFindDomainBounds,()V,281,295,8980,9678,,,,2.0,,,Clones are within the same file,,
4626,10512,tests,org.jfree.chart.renderer.xy.junit,XYLineAndShapeRendererTests,testFindRangeBounds,()V,300,314,9782,10466,,,,,,,,,
4656,10615,tests,org.jfree.data.xy.junit,DefaultIntervalXYDatasetTests,testGetXValue,()V,144,152,4255,4676,,,,2.0,Subclone,10619.0,Clones are within the same file,,
4657,10615,tests,org.jfree.data.xy.junit,DefaultIntervalXYDatasetTests,testGetEndYValue,()V,209,217,6858,7306,,,,,,,,,
4674,10638,tests,org.jfree.chart.axis.junit,CategoryLabelPositionTests,testEquals,()V,145,167,5232,6185,,,,2.0,,,Clones are within the same method,,
4675,10638,tests,org.jfree.chart.axis.junit,CategoryLabelPositionTests,testEquals,()V,123,145,4316,5257,,,,,,,,,
4686,10647,tests,org.jfree.chart.renderer.category.junit,StatisticalBarRendererTests,testDrawWithNullDeviationVertical,()V,262,268,8947,9341,,,,2.0,,,Clones are within the same file,,
4687,10647,tests,org.jfree.chart.renderer.category.junit,StatisticalBarRendererTests,testDrawWithNullDeviationHorizontal,()V,289,295,10005,10399,,,,,,,,,
4760,10948,tests,org.jfree.chart.axis.junit,PeriodAxisTests,testEquals,()V,140,153,4413,4880,,,,2.0,,,Clones are within the same file,,
4761,10948,tests,org.jfree.chart.axis.junit,PeriodAxisTests,testCloning,()V,222,234,7085,7514,,,,,,,,,
4773,10970,tests,org.jfree.chart.entity.junit,StandardEntityCollectionTests,testEquals,()V,88,92,2877,3097,,,,2.0,,,Clones are within the same method,,
4774,10970,tests,org.jfree.chart.entity.junit,StandardEntityCollectionTests,testEquals,()V,94,97,3127,3339,,,,,,,,,
4780,11023,tests,org.jfree.chart.axis.junit,MarkerAxisBandTests,testEquals,()V,92,102,2931,3377,,,,2.0,Subclone,11024.0,Clones are within the same method,,
4781,11023,tests,org.jfree.chart.axis.junit,MarkerAxisBandTests,testEquals,()V,102,112,3355,3785,,,,,,,,,
4782,11024,tests,org.jfree.chart.axis.junit,MarkerAxisBandTests,testEquals,()V,92,107,2931,3581,,,,2.0,,,Clones are within the same method,,
4783,11024,tests,org.jfree.chart.axis.junit,MarkerAxisBandTests,testEquals,()V,97,112,3143,3785,,,,,,,,,
4796,11056,tests,org.jfree.chart.plot.junit,CombinedRangeXYPlotTests,createPlot,()QCombinedRangeXYPlot;,286,299,9105,9722,,,,2.0,,,Clones are in different files,,
4797,11056,tests,org.jfree.chart.plot.junit,CombinedDomainXYPlotTests,createPlot,()QCombinedDomainXYPlot;,294,307,9385,10009,,,,,,,,,
4811,11102,tests,org.jfree.data.xy.junit,MatrixSeriesTests,testEquals,()V,93,98,2820,2987,,,,2.0,Subclone,11103.0,Clones are within the same method,,
4812,11102,tests,org.jfree.data.xy.junit,MatrixSeriesTests,testEquals,()V,103,108,3154,3323,,,,,,,,,
4813,11103,tests,org.jfree.data.xy.junit,MatrixSeriesTests,testEquals,()V,98,108,2986,3323,,,,2.0,,,Clones are within the same method,,
4814,11103,tests,org.jfree.data.xy.junit,MatrixSeriesTests,testEquals,()V,93,103,2820,3155,,,,,,,,,
4843,11197,tests,org.jfree.data.junit,KeyedObjects2DTests,testGetValueByKey,()V,224,249,6655,7208,,,,2.0,,,Clones are within the same method,,
4844,11197,tests,org.jfree.data.junit,KeyedObjects2DTests,testGetValueByKey,()V,215,240,6459,7020,,,,,,,,,
4845,11205,tests,org.jfree.chart.junit,JFreeChartTests,testAddSubtitle,()V,489,501,16338,16634,,,,2.0,,,Clones are within the same method,,
4846,11205,tests,org.jfree.chart.junit,JFreeChartTests,testAddSubtitle,()V,498,510,16538,16837,,,,,,,,,
4859,11229,tests,org.jfree.data.xy.junit,XYIntervalSeriesTests,testIndexOf2,()V,197,200,6055,6260,,,,2.0,,,Clones are within the same file,,
4860,11229,tests,org.jfree.data.xy.junit,XYIntervalSeriesTests,testAdd,()V,247,250,7925,8154,,,,,,,,,
4940,11480,tests,org.jfree.chart.plot.junit,CategoryPlotTests,testSerialization4,()V,641,654,23599,24127,,,,2.0,,,Clones are in different files,,
4941,11480,tests,org.jfree.chart.plot.junit,XYPlotTests,testSerialization4,()V,687,700,24650,25161,,,,,,,,,
4944,11490,tests,org.jfree.chart.plot.junit,XYPlotTests,test1654215,()V,950,968,35005,35750,,,,2.0,Subclone,665.0,Clones are in different files,,
4945,11490,tests,org.jfree.chart.plot.junit,CategoryPlotTests,test1654215,()V,807,825,30022,30774,,,,,,,,,
4981,11681,tests,org.jfree.data.statistics.junit,SimpleHistogramBinTests,testEquals,()V,147,152,5052,5255,,,,2.0,Subclone,11683.0,Clones are within the same method,,
4982,11681,tests,org.jfree.data.statistics.junit,SimpleHistogramBinTests,testEquals,()V,132,137,4472,4671,,,,,,,,,
4983,11682,tests,org.jfree.data.statistics.junit,SimpleHistogramBinTests,testEquals,()V,132,142,4472,4861,,,,2.0,,,Clones are within the same method,,
4984,11682,tests,org.jfree.data.statistics.junit,SimpleHistogramBinTests,testEquals,()V,142,152,4860,5255,,,,,,,,,
4985,11683,tests,org.jfree.data.statistics.junit,SimpleHistogramBinTests,testEquals,()V,132,147,4472,5053,,,,2.0,,,Clones are within the same method,,
4986,11683,tests,org.jfree.data.statistics.junit,SimpleHistogramBinTests,testEquals,()V,137,152,4670,5255,,,,,,,,,
5085,11918,tests,org.jfree.chart.junit,JFreeChartTests,testGetSubtitle,()V,268,284,9228,9599,,,,2.0,,,Clones are within the same method,,
5086,11918,tests,org.jfree.chart.junit,JFreeChartTests,testGetSubtitle,()V,259,275,9028,9408,,,,,,,,,
5093,11994,tests,org.jfree.data.statistics.junit,StatisticsTests,testCalculateMedian,()V,210,226,7293,7685,,,,2.0,,,Clones are within the same method,,
5094,11994,tests,org.jfree.data.statistics.junit,StatisticsTests,testCalculateMedian,()V,231,247,7807,8195,,,,,,,,,
5128,12106,tests,org.jfree.data.xy.junit,MatrixSeriesTests,testGetItemColumn,()V,161,169,4829,5187,,,,2.0,,,Clones are within the same file,,
5129,12106,tests,org.jfree.data.xy.junit,MatrixSeriesTests,testGetItemRow,()V,174,182,5255,5592,,,,,,,,,
5172,12195,tests,org.jfree.chart.block.junit,ColorBlockTests,testCloning,()V,115,132,3654,4207,,,,2.0,,,Clones are in different files,,
5173,12195,tests,org.jfree.chart.block.junit,AbstractBlockTests,testCloning,()V,145,161,4600,5124,,,,,,,,,
5222,12323,tests,org.jfree.chart.plot.junit,CategoryPlotTests,test1654215,()V,810,825,30181,30774,,,,2.0,Subclone,665.0,Clones are in different files,,
5223,12323,tests,org.jfree.chart.plot.junit,XYPlotTests,test1654215,()V,953,968,35166,35750,,,,,,,,,
5224,12330,tests,org.jfree.chart.axis.junit,LogarithmicAxisTests,testValueToJava2D,()V,224,243,7080,7804,,,,2.0,,,Clones are within the same file,,
5225,12330,tests,org.jfree.chart.axis.junit,LogarithmicAxisTests,testJava2DToValue,()V,200,219,6285,7005,,,,,,,,,
5226,12365,tests,org.jfree.data.time.junit,DayTests,testHashcode,()V,263,270,7814,8045,,,,2.0,,,Clones are in different files,,
5227,12365,tests,org.jfree.chart.axis.junit,SegmentedTimelineTests,testHashCode,()V,1030,1037,40735,41022,,,,,,,,,
5237,12398,tests,org.jfree.chart.axis.junit,MarkerAxisBandTests,testHashCode,()V,122,126,4114,4344,,,,2.0,,,Clones are within the same file,,
5238,12398,tests,org.jfree.chart.axis.junit,MarkerAxisBandTests,testEquals,()V,86,90,2672,2903,,,,,,,,,
5381,12796,tests,org.jfree.data.gantt.junit,TaskSeriesTests,testGetTask,()V,164,167,5103,5249,,,,2.0,,,Clones are within the same method,,
5382,12796,tests,org.jfree.data.gantt.junit,TaskSeriesTests,testGetTask,()V,166,169,5208,5356,,,,,,,,,
5399,12876,tests,org.jfree.data.time.junit,TimePeriodValuesCollectionTests,test1161340,()V,102,105,3262,3402,,,,2.0,,,Clones are within the same method,,
5400,12876,tests,org.jfree.data.time.junit,TimePeriodValuesCollectionTests,test1161340,()V,110,113,3582,3720,,,,,,,,,
5404,12919,tests,org.jfree.chart.axis.junit,DateTickTests,testEquals,()V,105,112,3298,3542,,,,2.0,,,Clones are within the same method,,
5405,12919,tests,org.jfree.chart.axis.junit,DateTickTests,testEquals,()V,110,117,3490,3734,,,,,,,,,
5434,13008,tests,org.jfree.data.gantt.junit,TaskSeriesCollectionTests,test800324,()V,588,601,21633,22008,,,,2.0,,,Clones are within the same method,,
5435,13008,tests,org.jfree.data.gantt.junit,TaskSeriesCollectionTests,test800324,()V,581,594,21440,21812,,,,,,,,,
5579,13518,tests,org.jfree.chart.axis.junit,DateTickTests,testEquals,()V,91,95,2723,2931,,,,2.0,,,Clones are within the same file,,
5580,13518,tests,org.jfree.chart.axis.junit,DateTickTests,testHashCode,()V,130,134,4129,4330,,,,,,,,,
5585,13574,tests,org.jfree.chart.axis.junit,DateAxisTests,testPreviousStandardDateMillisecondB,()V,1099,1136,39560,40997,,,,2.0,,,Clones are within the same file,,
5586,13574,tests,org.jfree.chart.axis.junit,DateAxisTests,testPreviousStandardDateMillisecondA,()V,1056,1093,37944,39380,,,,,,,,,
5644,13767,tests,org.jfree.data.junit,KeyedObjects2DTests,testGetValueByIndex,()V,165,181,5167,5542,,,,2.0,Subclone,13768.0,Clones are within the same method,,
5645,13767,tests,org.jfree.data.junit,KeyedObjects2DTests,testGetValueByIndex,()V,183,199,5553,5918,,,,,,,,,
5646,13768,tests,org.jfree.data.junit,KeyedObjects2DTests,testGetValueByIndex,()V,165,190,5167,5730,,,,2.0,,,Clones are within the same method,,
5647,13768,tests,org.jfree.data.junit,KeyedObjects2DTests,testGetValueByIndex,()V,174,199,5364,5918,,,,,,,,,
5750,13991,tests,org.jfree.chart.junit,LegendItemTests,testEquals,()V,203,268,9003,12811,,,,2.0,,,Clones are within the same method,,
5751,13991,tests,org.jfree.chart.junit,LegendItemTests,testEquals,()V,112,177,3785,7522,,,,,,,,,
5752,14017,tests,org.jfree.chart.plot.junit,CategoryPlotTests,testCloning3,()V,522,527,19658,19992,,,,2.0,,,Clones are within the same method,,
5753,14017,tests,org.jfree.chart.plot.junit,CategoryPlotTests,testCloning3,()V,516,521,19289,19624,,,,,,,,,
5776,14102,tests,org.jfree.chart.junit,LegendItemCollectionTests,testEquals,()V,95,107,2942,3651,,,,2.0,,,Clones are in different files,,
5777,14102,tests,org.jfree.chart.junit,LegendItemTests,testEquals,()V,97,109,2994,3711,,,,,,,,,
5966,14376,tests,org.jfree.chart.renderer.category.junit,LineRenderer3DTests,checkIndependence,(QLineRenderer3D;QLineRenderer3D;)Z,163,222,4804,6339,,,,2.0,,,Clones are in different files,,
5967,14376,tests,org.jfree.chart.renderer.category.junit,LineAndShapeRendererTests,checkIndependence,(QLineAndShapeRenderer;QLineAndShapeRenderer;)Z,217,276,6637,8172,,,,,,,,,
6365,15203,tests,org.jfree.chart.axis.junit,QuarterDateFormatTests,testHashCode,()V,118,122,4085,4384,,,,2.0,,,Clones are within the same file,,
6366,15203,tests,org.jfree.chart.axis.junit,QuarterDateFormatTests,testEquals,()V,85,89,2639,2938,,,,,,,,,
6373,15256,tests,org.jfree.chart.axis.junit,QuarterDateFormatTests,testEquals,()V,92,99,2994,3340,,,,2.0,,,Clones are within the same method,,
6374,15256,tests,org.jfree.chart.axis.junit,QuarterDateFormatTests,testEquals,()V,99,106,3314,3652,,,,,,,,,
6702,15511,tests,org.jfree.data.statistics.junit,StatisticsTests,testCalculateMean_Array,()V,118,124,3757,4178,,,,2.0,,,Clones are within the same method,,
6703,15511,tests,org.jfree.data.statistics.junit,StatisticsTests,testCalculateMean_Array,()V,112,118,3420,3824,,,,,,,,,
7208,16161,tests,org.jfree.chart.annotations.junit,XYPolygonAnnotationTests,testEquals,()V,107,116,3700,4159,,,,2.0,,,Clones are within the same method,,
7209,16161,tests,org.jfree.chart.annotations.junit,XYPolygonAnnotationTests,testEquals,()V,118,127,4258,4709,,,,,,,,,
8032,17732,tests,org.jfree.chart.annotations.junit,XYPolygonAnnotationTests,testEquals,()V,125,130,4587,4864,,,,2.0,,,Clones are within the same method,,
8033,17732,tests,org.jfree.chart.annotations.junit,XYPolygonAnnotationTests,testEquals,()V,114,119,4036,4321,,,,,,,,,
8036,17765,tests,org.jfree.chart.axis.junit,SegmentedTimelineTests,fillInBaseTimelineExceptions,(QSegmentedTimeline;[QString;QFormat;)V,930,937,37397,37764,,,,2.0,,,Clones are within the same file,,
8037,17765,tests,org.jfree.chart.axis.junit,SegmentedTimelineTests,fillInBaseTimelineExclusionsAsExceptions,(QSegmentedTimeline;JJ)V,966,973,38720,39114,,,,,,,,,
8710,18746,tests,org.jfree.data.statistics.junit,HistogramDatasetTests,testAddSeries,()V,188,199,6301,6850,,,,2.0,,,Clones are within the same file,,
8711,18746,tests,org.jfree.data.statistics.junit,HistogramDatasetTests,test1553088,()V,246,257,8847,9387,,,,,,,,,
9061,19539,tests,org.jfree.data.xy.junit,DefaultOHLCDatasetTests,testDataRange,()V,94,95,2988,3134,,,,2.0,,,Clones are within the same method,,
9062,19539,tests,org.jfree.data.xy.junit,DefaultOHLCDatasetTests,testDataRange,()V,93,94,2910,3056,,,,,,,,,
9064,19540,tests,org.jfree.chart.axis.junit,PeriodAxisTests,testCloning,()V,220,223,6961,7177,,,,,,,,,
9085,19553,tests,org.jfree.data.time.junit,TimeSeriesCollectionTests,testGetSurroundingItems,()V,170,183,5352,5853,,,,2.0,,,Clones are within the same method,,
9086,19553,tests,org.jfree.data.time.junit,TimeSeriesCollectionTests,testGetSurroundingItems,()V,189,202,6077,6577,,,,,,,,,
9314,20079,tests,org.jfree.chart.axis.junit,SegmentedTimelineTests,verifyOneSegment,(QSegmentedTimeline;)V,417,423,17213,17477,,,,2.0,Subclone,20081.0,Clones are within the same method,,
9315,20079,tests,org.jfree.chart.axis.junit,SegmentedTimelineTests,verifyOneSegment,(QSegmentedTimeline;)V,426,432,17608,17858,,,,,,,,,
9316,20080,tests,org.jfree.chart.axis.junit,SegmentedTimelineTests,verifyOneSegment,(QSegmentedTimeline;)V,417,426,17213,17606,,,,2.0,,,Clones are within the same method,,
9317,20080,tests,org.jfree.chart.axis.junit,SegmentedTimelineTests,verifyOneSegment,(QSegmentedTimeline;)V,423,432,17479,17858,,,,,,,,,
9318,20081,tests,org.jfree.chart.axis.junit,SegmentedTimelineTests,verifyOneSegment,(QSegmentedTimeline;)V,420,432,17347,17858,,,,2.0,,,Clones are within the same method,,
9319,20081,tests,org.jfree.chart.axis.junit,SegmentedTimelineTests,verifyOneSegment,(QSegmentedTimeline;)V,417,429,17213,17733,,,,,,,,,
9490,20667,tests,org.jfree.data.xy.junit,DefaultWindDatasetTests,createSampleDataset1,()QDefaultWindDataset;,228,232,6982,7217,,,,2.0,,,Clones are within the same method,,
9491,20667,tests,org.jfree.data.xy.junit,DefaultWindDatasetTests,createSampleDataset1,()QDefaultWindDataset;,224,228,6763,6989,,,,,,,,,
9492,20676,tests,org.jfree.data.category.junit,DefaultIntervalCategoryDatasetTests,testGetRowKeys,()V,462,469,16263,16564,,,,2.0,,,Clones are within the same file,,
9493,20676,tests,org.jfree.data.category.junit,DefaultIntervalCategoryDatasetTests,testGetColumnKeys,()V,450,457,15874,16181,,,,,,,,,
9543,20793,tests,org.jfree.chart.annotations.junit,XYPolygonAnnotationTests,testEquals,()V,98,103,3232,3557,,,,2.0,,,Clones are within the same method,,
9544,20793,tests,org.jfree.chart.annotations.junit,XYPolygonAnnotationTests,testEquals,()V,105,110,3568,3893,,,,,,,,,
9545,20794,tests,org.jfree.chart.annotations.junit,XYPolygonAnnotationTests,testEquals,()V,90,95,2826,3186,,,,2.0,,,Clones are within the same file,,
9546,20794,tests,org.jfree.chart.annotations.junit,XYPolygonAnnotationTests,testHashCode,()V,139,144,5137,5495,,,,,,,,,
9612,20928,tests,org.jfree.data.category.junit,DefaultIntervalCategoryDatasetTests,testSetCategoryKeys,()V,432,445,15363,15793,,,,2.0,Subclone,20822.0,Clones are within the same file,,
9613,20928,tests,org.jfree.data.category.junit,DefaultIntervalCategoryDatasetTests,testSetSeriesKeys,()V,392,405,14112,14538,,,,,,,,,
9633,20972,tests,org.jfree.chart.axis.junit,SegmentedTimelineTests,verifyFillInExceptions,(QSegmentedTimeline;[QString;QFormat;)[J,872,879,34962,35257,,,,2.0,,,Clones are within the same file,,
9634,20972,tests,org.jfree.chart.axis.junit,SegmentedTimelineTests,fillInBaseTimelineExceptions,(QSegmentedTimeline;[QString;QFormat;)V,917,924,36844,37139,,,,,,,,,
9707,21207,tests,org.jfree.data.xy.junit,DefaultHighLowDatasetTests,testEquals,()V,98,102,3304,3521,,,,2.0,,,Clones are within the same method,,
9708,21207,tests,org.jfree.data.xy.junit,DefaultHighLowDatasetTests,testEquals,()V,93,98,3096,3314,,,,,,,,,
9810,21431,tests,org.jfree.data.xy.junit,DefaultIntervalXYDatasetTests,createSampleDataset1,()QDefaultIntervalXYDataset;,391,413,12754,13850,,,,2.0,,,Clones are in different files,,
9811,21431,tests,org.jfree.chart.renderer.xy.junit,ClusteredXYBarRendererTests,createSampleDataset1,()QDefaultIntervalXYDataset;,197,219,6362,7458,,,,,,,,,
9821,21443,tests,org.jfree.data.xy.junit,XYBarDatasetTests,testCloning,()V,107,114,3390,3724,,,,2.0,,,Clones are within the same file,,
9822,21443,tests,org.jfree.data.xy.junit,XYBarDatasetTests,testSerialization,()V,150,157,4973,5307,,,,,,,,,
9823,21444,tests,org.jfree.data.xy.junit,DefaultHighLowDatasetTests,testEquals,()V,108,111,3775,3985,,,,2.0,,,Clones are within the same method,,
9824,21444,tests,org.jfree.data.xy.junit,DefaultHighLowDatasetTests,testEquals,()V,104,107,3551,3762,,,,,,,,,
9825,21459,tests,org.jfree.data.xy.junit,DefaultHighLowDatasetTests,testEquals,()V,113,116,3999,4215,,,,2.0,,,Clones are within the same method,,
9826,21459,tests,org.jfree.data.xy.junit,DefaultHighLowDatasetTests,testEquals,()V,117,120,4228,4443,,,,,,,,,
9827,21465,tests,org.jfree.chart.plot.junit,PlotTests,testEquals,()V,184,189,6356,6681,,,,2.0,,,Clones are within the same method,,
9828,21465,tests,org.jfree.chart.plot.junit,PlotTests,testEquals,()V,190,195,6696,7020,,,,,,,,,
9832,21472,tests,org.jfree.data.xy.junit,DefaultXYZDatasetTests,testCloning,()V,120,126,3820,4104,,,,2.0,,,Clones are within the same file,,
9833,21472,tests,org.jfree.data.xy.junit,DefaultXYZDatasetTests,testEquals,()V,90,95,2791,3029,,,,,,,,,
9834,21473,tests,org.jfree.data.xy.junit,DefaultHighLowDatasetTests,testEquals,()V,127,131,4707,4943,,,,2.0,,,Clones are within the same method,,
9835,21473,tests,org.jfree.data.xy.junit,DefaultHighLowDatasetTests,testEquals,()V,122,126,4457,4694,,,,,,,,,
9838,21487,tests,org.jfree.data.category.junit,DefaultIntervalCategoryDatasetTests,testSetEndValue,()V,313,343,11463,12578,,,,2.0,,,Clones are within the same file,,
9839,21487,tests,org.jfree.data.category.junit,DefaultIntervalCategoryDatasetTests,testSetStartValue,()V,278,308,10250,11375,,,,,,,,,
9840,21490,tests,org.jfree.data.xy.junit,DefaultHighLowDatasetTests,testCloning,()V,172,177,6606,6901,,,,2.0,,,Clones are within the same file,,
9841,21490,tests,org.jfree.data.xy.junit,DefaultHighLowDatasetTests,testSerialization,()V,202,208,7684,7980,,,,,,,,,
9846,21499,tests,org.jfree.data.xy.junit,DefaultHighLowDatasetTests,testEquals,()V,138,142,5212,5453,,,,2.0,,,Clones are within the same method,,
9847,21499,tests,org.jfree.data.xy.junit,DefaultHighLowDatasetTests,testEquals,()V,133,137,4957,5199,,,,,,,,,
9858,21508,tests,org.jfree.data.xy.junit,DefaultXYDatasetTests,testCloning,()V,121,133,3791,4251,,,,2.0,,,Clones are in different files,,
9859,21508,tests,org.jfree.data.xy.junit,DefaultXYZDatasetTests,testCloning,()V,124,136,3954,4419,,,,,,,,,
9860,21510,tests,org.jfree.chart.renderer.xy.junit,XYBubbleRendererTests,testGetLegendItemSeriesIndex,()V,174,181,5632,5866,,,,2.0,,,Clones are within the same method,,
9861,21510,tests,org.jfree.chart.renderer.xy.junit,XYBubbleRendererTests,testGetLegendItemSeriesIndex,()V,191,198,6226,6462,,,,,,,,,
9866,21524,tests,org.jfree.data.xy.junit,DefaultHighLowDatasetTests,testEquals,()V,149,153,5727,5973,,,,2.0,,,Clones are within the same method,,
9867,21524,tests,org.jfree.data.xy.junit,DefaultHighLowDatasetTests,testEquals,()V,144,148,5467,5714,,,,,,,,,
9871,21531,tests,org.jfree.data.xy.junit,DefaultHighLowDatasetTests,testEquals,()V,155,159,5987,6240,,,,2.0,,,Clones are within the same method,,
9872,21531,tests,org.jfree.data.xy.junit,DefaultHighLowDatasetTests,testEquals,()V,160,164,6253,6505,,,,,,,,,
